Coffee Shop,Date,Time,People Counted,Availible Seats,People Working/Studying,People in Line
Philz Coffee,9/18/2026,7:00 AM,10,15,2,4
Philz Coffee,9/18/2026,10:00 AM,16,2,11,3
Philz Coffee,9/18/2026,3:00 PM,15,6,8,2
Cafe 53,9/19/2026,8:00 AM,7,5,1,0
Cafe 53,9/19/2026,12:00 PM,10,3,2,3
Cafe 53,9/19/2026,7:00 PM,3,6,0,1
Afro Joe's Coffee & Tea,9/20/2026,8:00 AM,8,15,4,4
Afro Joe's Coffee & Tea,9/20/2026,10:00 AM,15,5,7,4
Afro Joe's Coffee & Tea,9/20/2026,12:00 PM,12,9,8,3
Philz Coffee,9/21/2026,7:00 AM,8,16,2,1
Philz Coffee,9/21/2026,10:00 AM,11,2,11,3
Philz Coffee,9/21/2026,3:00 PM,9,6,8,2
Cafe 53,9/25/2026,6:00 AM,2,6,0,0
Cafe 53,9/25/2026,11:00 AM,7,4,1,2
Cafe 53,9/25/2026,3:00 PM,2,6,0,1
Afro Joe's Coffee & Tea,9/26/2026,8:00 AM,8,11,4,2
Afro Joe's Coffee & Tea,9/26/2026,11:00 AM,17,2,10,3
Afro Joe's Coffee & Tea,9/26/2026,3:00 PM,13,3,9,2
Philz Coffee,9/27/2026,6:00 AM,5,15,1,2
Philz Coffee,9/27/2026,11:00 AM,10,5,11,3
Philz Coffee,9/27/2026,3:00 PM,17,3,7,5
Cafe 53 ,9/28/2026,6:00 AM,3,6,1,0
Cafe 53,9/28/2026,11:00 AM,6,5,1,3
Cafe 53 ,9/28/2026,3:00 PM,4,6,2,2
Afro Joe's Coffee & Tea,10/2/2026,6:00 AM,6,15,4,2
Afro Joe's Coffee & Tea,10/2/2026,11:00 AM,14,4,6,1
Afro Joe's Coffee & Tea,10/2/2026,3:00 PM,8,7,3,1